epoch,total_loss,task_loss,distill_loss,intermediate_loss,val_psnr,lr,alpha,beta
1,0.008221815871074796,0.014576736837625504,0.006633085412904621,0.0,37.524944105507345,0.0001,0.8,0.5
2,0.0069645583350211385,0.014024205207824707,0.005199646488763392,0.0,37.727997797067395,0.0001,0.8,0.5
3,0.006681793867610395,0.013892472796142101,0.004879123913124204,0.0,37.763405742675104,0.0001,0.8,0.5
4,0.006499712308868766,0.014186684992164373,0.004577969047240913,0.0,37.765417012091135,0.0001,0.8,0.5
5,0.006060069459490478,0.013621994014829397,0.004169588233344257,0.0,37.85232011976117,0.0001,0.8,0.5
6,0.00602836387231946,0.013818433731794358,0.004080846239812672,0.0,37.892149043643734,0.0001,0.8,0.5
7,0.005867934175767004,0.013498297855257989,0.003960343119688332,0.0,37.93045150516063,0.0001,0.8,0.5
8,0.005771567178890109,0.013678469927981496,0.0037948414077982307,0.0,37.91735707926246,0.0001,0.8,0.5
9,0.005480180005542934,0.01311069474555552,0.003572551279794425,0.0,37.88685834259104,0.0001,0.8,0.5
10,0.005877527203410864,0.014140772307291627,0.0038117158762179314,0.0,37.89369368384919,0.0001,0.8,0.5
11,0.005348599166609347,0.012997839730232955,0.0034362888638861475,0.0,37.931755237594516,0.0001,0.8,0.5
12,0.005924755288287997,0.013617692207917571,0.004001520909368992,0.0,37.92922302200425,0.0001,0.8,0.5
13,0.00538801359012723,0.013276074789464474,0.0034159981831908227,0.0,37.96837062714978,0.0001,0.8,0.5
14,0.005437508285976947,0.013590981438755988,0.00339913988718763,0.0,37.93848064575779,0.0001,0.8,0.5
15,0.00527218749281019,0.013126365654170514,0.0033086428348906337,0.0,37.985439058396395,0.0001,0.8,0.5
16,0.005046344688162207,0.012690391037613153,0.0031353329913690687,0.0,37.98287349850831,0.0001,0.8,0.5
17,0.005506875873543322,0.013778442470356821,0.0034389840601943434,0.0,37.97003708569512,0.0001,0.8,0.5
18,0.005426438539288938,0.013455153740942478,0.0034192596538923682,0.0,37.93517315421355,0.0001,0.8,0.5
19,0.0052546080434694884,0.013346773451194166,0.0032315665972419082,0.0,38.01861296432911,0.0001,0.8,0.5
20,0.005059059751220047,0.012850363692268729,0.003111233643721789,0.0,37.99429969859207,0.0001,0.8,0.5
21,0.0051315692067146305,0.013131219297647476,0.003131656588520855,0.0,38.03401696254197,0.0001,0.8,0.5
22,0.005086168241687119,0.013029635222628712,0.0031003013788722454,0.0,38.02581606790047,0.0001,0.8,0.5
23,0.0052632438624277715,0.013293262142688035,0.0032557391817681493,0.0,38.034834887803434,0.0001,0.8,0.5
24,0.005043317298404872,0.01307246216572821,0.0030360310105606914,0.0,38.03591578106606,0.0001,0.8,0.5
25,0.00505286855623126,0.013012426346540451,0.003062978950329125,0.0,38.00386747758357,0.0001,0.8,0.5
26,0.005321482107974589,0.013487372398376465,0.003280009441077709,0.0,38.02016037798248,0.0001,0.8,0.5
27,0.004832438477315008,0.012630880186334252,0.0028828279837034643,0.0,38.06922137120942,0.0001,0.8,0.5
28,0.005147009594365954,0.01335756953805685,0.0030943694710731506,0.0,38.0362618805828,0.0001,0.8,0.5
29,0.005121309119276702,0.013277464965358376,0.0030822700238786636,0.0,38.06778680700121,0.0001,0.8,0.5
30,0.0051384987216442825,0.01320032611489296,0.003123041759245098,0.0,38.04109892776485,0.0001,0.8,0.5
31,0.004938996345736087,0.012910018097609282,0.002946240836754441,0.0,38.06336627845174,0.0001,0.8,0.5
32,0.004882813966833055,0.012945935679599643,0.0028670334490016104,0.0,38.068963550520024,0.0001,0.8,0.5
33,0.004853857029229402,0.01274094651453197,0.0028820845484733583,0.0,38.04883816824012,0.0001,0.8,0.5
34,0.004875980997458101,0.013085408350452781,0.002823624040465802,0.0,38.03775929435203,0.0001,0.8,0.5
35,0.0049554637493565675,0.01296491396613419,0.002953101086895913,0.0,38.02230911948858,0.0001,0.8,0.5
36,0.004822785151191056,0.012724884636700153,0.0028472601575776934,0.0,38.039189157487115,0.0001,0.8,0.5
37,0.004929915997199714,0.013136188583448529,0.0028783476958051325,0.0,38.054635734201334,0.0001,0.8,0.5
38,0.005046150791458786,0.013352214265614748,0.0029696348763536664,0.0,38.05160747048935,0.0001,0.8,0.5
39,0.004822886744514108,0.012725666919723154,0.002847191616892815,0.0,38.057779868300926,0.0001,0.8,0.5
40,0.005009458120912314,0.013184212353080512,0.0029657694674097,0.0,38.01821392966146,0.0001,0.8,0.5
41,0.005173101294785738,0.013364687655121088,0.0031252045859582723,0.0,38.048955944869604,0.0001,0.8,0.5
42,0.004948970219120383,0.013231861609965563,0.0028782472107559444,0.0,38.06480120042604,0.0001,0.8,0.5
43,0.004820275017991662,0.013023768719285726,0.0027694014506414533,0.0,38.068413370720315,0.0001,0.8,0.5
44,0.0050649282243102785,0.013331292429938912,0.0029983370599802584,0.0,38.06725250155834,0.0001,0.8,0.5
45,0.005011804308742285,0.01348422797396779,0.002893698310945183,0.0,38.05518708815511,0.0001,0.8,0.5
46,0.004957852908410132,0.013381982771679759,0.002851820362266153,0.0,38.04098279737569,0.0001,0.8,0.5
47,0.004764835769310594,0.012780214650556445,0.002760990939568728,0.0,38.070472600469465,0.0001,0.8,0.5
48,0.004609743347391487,0.012619832921773195,0.002607220879290253,0.0,38.07738975577047,0.0001,0.8,0.5
49,0.004809633507393301,0.012903416790068149,0.002786187583114952,0.0,38.06193619538723,0.0001,0.8,0.5
50,0.004616527440957725,0.012421133983880282,0.0026653756899759173,0.0,38.06856021157265,0.0001,0.8,0.5
51,0.004650511941872537,0.012663281662389636,0.0026473194151185454,0.0,38.063387018665225,0.0001,0.8,0.5
52,0.005175957879982889,0.013156592473387718,0.0031807990930974484,0.0,38.07466372679595,0.0001,0.8,0.5
53,0.004787338129244745,0.012739526508376002,0.0027992908842861654,0.0,38.03911232036586,0.0001,0.8,0.5
54,0.004899658858776092,0.013146690353751182,0.0028379008593037726,0.0,38.068533272108965,0.0001,0.8,0.5
55,0.004874192872084677,0.01304413290694356,0.0028317078086547553,0.0,38.07501750875416,0.0001,0.8,0.5
56,0.004796155733056366,0.012925069499760865,0.0027639272157102823,0.0,38.09312298587381,0.0001,0.8,0.5
57,0.004803395685739815,0.01286239966750145,0.002788644542451948,0.0,38.08500115164786,0.0001,0.8,0.5
58,0.004647981408052147,0.012589885545894504,0.0026625052141025663,0.0,38.08108029774959,0.0001,0.8,0.5
59,0.0048241598904132845,0.01326427085325122,0.002714132040273398,0.0,38.04996140358626,0.0001,0.8,0.5
60,0.0044435456488281485,0.012228305907920003,0.0024973554466851057,0.0,38.095885344022335,0.0001,0.8,0.5
61,0.004873664937913418,0.013137124385684729,0.0028077999316155912,0.0,38.07302079903991,0.0001,0.8,0.5
62,0.004562855651602149,0.01258954250253737,0.0025561838201247156,0.0,38.05691111678088,0.0001,0.8,0.5
63,0.004658306031487882,0.012816886557266116,0.002618660773150623,0.0,38.10935950579396,0.0001,0.8,0.5
64,0.004765982767567039,0.012931256480515003,0.002724664241541177,0.0,38.08949260046976,0.0001,0.8,0.5
65,0.004514095978811384,0.012335470160469413,0.0025587523286230863,0.0,38.08704610716758,0.0001,0.8,0.5
66,0.004510986399836838,0.012386657875031232,0.0025420684507116674,0.0,38.07205617305284,0.0001,0.8,0.5
67,0.004825313021428883,0.013208189215511083,0.0027295938483439387,0.0,38.04053468805876,0.0001,0.8,0.5
68,0.004916660129092634,0.013377903643995524,0.002801349158398807,0.0,38.07483131962076,0.0001,0.8,0.5
69,0.004599601523950696,0.012462624767795204,0.002633845636155456,0.0,38.06498126729655,0.0001,0.8,0.5
70,0.0045908275991678234,0.012632906520739198,0.0025803078105673194,0.0,38.09134073854604,0.0001,0.8,0.5
71,0.0047948228428140284,0.013150994852185249,0.0027057797578163446,0.0,38.095579950602634,0.0001,0.8,0.5
72,0.004597813151776791,0.01257116924971342,0.002604473982937634,0.0,38.09887200758543,0.0001,0.8,0.5
73,0.004859991148114204,0.013419431857764721,0.00272013088921085,0.0,38.106769167966114,0.0001,0.8,0.5
74,0.004607128137722611,0.01268575357273221,0.0025874717044644057,0.0,38.066510950226395,0.0001,0.8,0.5
75,0.004613340054638684,0.012627917546778918,0.0026096955966204405,0.0,38.098305633285975,0.0001,0.8,0.5
76,0.004537113532423973,0.012459198134019972,0.0025565922632813454,0.0,38.097625729600864,0.0001,0.8,0.5
77,0.004773238613270223,0.012841089125722648,0.00275627585593611,0.0,38.07873058182622,0.0001,0.8,0.5
78,0.004560222639702261,0.012631426714360714,0.002542421477846801,0.0,38.11081511381379,0.0001,0.8,0.5
79,0.004635454108938575,0.012655616607517003,0.002630413405131549,0.0,38.087870567237466,0.0001,0.8,0.5
80,0.004760233198758215,0.013111590351909399,0.002672393743414432,0.0,38.08745944498531,0.0001,0.8,0.5
81,0.004869577386416495,0.013419825108721853,0.002732015294022858,0.0,38.077478515423266,0.0001,0.8,0.5
82,0.004674581675790251,0.012884977124631405,0.0026219827425666155,0.0,38.10494475365611,0.0001,0.8,0.5
83,0.004728259593248367,0.013010897748172283,0.0026575999497435985,0.0,38.09669526034422,0.0001,0.8,0.5
84,0.004684846056625247,0.012774648806080223,0.0026623953226953745,0.0,38.063967338250166,0.0001,0.8,0.5
85,0.004664146737195551,0.012772682681679725,0.0026370126404799523,0.0,38.11900965839969,0.0001,0.8,0.5
86,0.004714038255624473,0.013295517740771175,0.002568668278399855,0.0,38.107425310108056,0.0001,0.8,0.5
87,0.004608616619370878,0.012942146752029657,0.0025252339988946913,0.0,38.10383232862337,0.0001,0.8,0.5
88,0.004608937911689282,0.012787176314741373,0.0025643782294355335,0.0,38.075583748704084,0.0001,0.8,0.5
89,0.004592036819085479,0.012549213422462345,0.002602742544841021,0.0,38.09916084390852,0.0001,0.8,0.5
90,0.00469962639734149,0.012770684119313955,0.002681861869059503,0.0,38.0064118244604,0.0001,0.8,0.5
91,0.004611660558730364,0.012487316494807601,0.0026427464443258943,0.0,38.07333432795518,0.0001,0.8,0.5
92,0.004777971119619906,0.01323008980602026,0.0026649413187988104,0.0,38.064727257821254,0.0001,0.8,0.5
93,0.004691918967291713,0.012828796245157719,0.0026576995966024696,0.0,38.07376710548632,0.0001,0.8,0.5
94,0.004758210009895265,0.013017542641609908,0.0026933767274022104,0.0,38.0957942388559,0.0001,0.8,0.5
95,0.004517609877511859,0.012618726324290038,0.002492330679669976,0.0,38.11260343736042,0.0001,0.8,0.5
96,0.004838267057202757,0.013314550407230855,0.0027191961137577893,0.0,38.10211702779405,0.0001,0.8,0.5
97,0.004667187132872641,0.012825410608202218,0.0026276311767287554,0.0,38.10769965348525,0.0001,0.8,0.5
98,0.004684214536100626,0.012956039430573583,0.0026162582123652103,0.0,38.06402494722944,0.0001,0.8,0.5
99,0.00433886825107038,0.012295333771035075,0.002349751815199852,0.0,38.09135884244411,0.0001,0.8,0.5
100,0.004859591946005821,0.013166929259896279,0.0027827574661932887,0.0,38.11361778056478,0.0001,0.8,0.5
101,0.0049399013165384534,0.013594534890726208,0.0027762428135611117,0.0,38.07424499283804,0.0001,0.8,0.5
102,0.0046259249281138184,0.012818643180653453,0.0025777452741749586,0.0,38.10461461292797,0.0001,0.8,0.5
103,0.0046503229113295675,0.012667120769619941,0.0026461233105510473,0.0,38.10200062901591,0.0001,0.8,0.5
104,0.004607784785330296,0.012697720443829894,0.002585300747305155,0.0,38.07187628653896,0.0001,0.8,0.5
105,0.0047398046124726536,0.013232574537396432,0.0026166120963171126,0.0,38.09687093727448,0.0001,0.8,0.5
106,0.004389489521272481,0.012330664852634073,0.002404195612762123,0.0,38.10551152790401,0.0001,0.8,0.5
107,0.004732623663730919,0.013116823770105838,0.0026365735288709402,0.0,38.080899985414774,0.0001,0.8,0.5
108,0.004584133271127939,0.012834350280463695,0.0025215789629146456,0.0,38.11293147500511,0.0001,0.8,0.5
109,0.00453502266202122,0.013010219661518932,0.0024162232945673166,0.0,38.11938032277154,0.0001,0.8,0.5
110,0.00468526360578835,0.01312331110239029,0.00257575161755085,0.0,38.08013520041614,0.0001,0.8,0.5
111,0.004567314493469894,0.01291492821648717,0.0024804109893739224,0.0,38.088314016926155,0.0001,0.8,0.5
112,0.0046164945559576155,0.012922127917408942,0.0025400861096568405,0.0,38.04405353586073,0.0001,0.8,0.5
113,0.00474681532010436,0.013200002033263445,0.0026335185137577356,0.0,38.04896174239942,0.0001,0.8,0.5
114,0.004729646216146648,0.013101798379793764,0.00263660806696862,0.0,38.09437565708832,0.0001,0.8,0.5
115,0.004614628804847598,0.012712661251425743,0.00259012051159516,0.0,38.105922903152695,0.0001,0.8,0.5
116,0.0045024205697700385,0.012594568133354187,0.002479383633472025,0.0,38.12249210425538,0.0001,0.8,0.5
117,0.0047794282715767624,0.013382188845425844,0.00262873804429546,0.0,38.092726524538804,0.0001,0.8,0.5
118,0.004499689089134336,0.012746093291789294,0.0024380879360251127,0.0,38.0908755695534,0.0001,0.8,0.5
119,0.004626124855130911,0.012872747220098972,0.0025644692056812344,0.0,38.0559966961999,0.0001,0.8,0.5
120,0.0047652396513149144,0.013363984785974026,0.002615553226787597,0.0,38.101637918176266,0.0001,0.8,0.5
121,0.00454913916066289,0.012703867405653,0.002510457026073709,0.0,38.01626045139316,0.0001,0.8,0.5
122,0.004596790224313736,0.012999127488583326,0.002496205815114081,0.0,38.10775612263244,0.0001,0.8,0.5
123,0.004568732734769583,0.012662475295364857,0.002545297036413103,0.0,38.08188729192371,0.0001,0.8,0.5
124,0.004747008648701012,0.01295518785715103,0.002694963780231774,0.0,38.10709631279768,0.0001,0.8,0.5
125,0.004576104530133307,0.01250797050073743,0.0025931379734538493,0.0,38.056423560476546,0.0001,0.8,0.5
126,0.004518523099832237,0.012409578496590256,0.002545759191270918,0.0,38.07789276321828,0.0001,0.8,0.5
127,0.004555246941745281,0.012643170710653066,0.0025332659133709967,0.0,38.105802841664406,0.0001,0.8,0.5
128,0.004431969891302287,0.012364282039925456,0.00244889180874452,0.0,38.12232248864452,0.0001,0.8,0.5
129,0.004357931711710989,0.012324535120278597,0.0023662808164954187,0.0,38.118961919932765,0.0001,0.8,0.5
130,0.004732566527090967,0.01326859780587256,0.0025985585758462547,0.0,38.09345247167261,0.0001,0.8,0.5
131,0.004692108626477421,0.013213276062160731,0.002561816666275263,0.0,38.1181912408113,0.0001,0.8,0.5
132,0.004609232435468584,0.0128120728302747,0.0025585222779773175,0.0,38.13249898840461,0.0001,0.8,0.5
133,0.00469031133223325,0.012938808463513852,0.0026281869458034636,0.0,38.083011688457816,0.0001,0.8,0.5
134,0.004792567971162498,0.01354803679510951,0.002603700617328286,0.0,38.07345535641176,0.0001,0.8,0.5
135,0.004673176016658545,0.013132077446207403,0.002558450570795685,0.0,38.08353284094819,0.0001,0.8,0.5
136,0.004559648064896464,0.012879959708079695,0.0024795700330287216,0.0,38.0481095394079,0.0001,0.8,0.5
137,0.00472306695766747,0.013156048711389303,0.002614821456372738,0.0,38.0982844328282,0.0001,0.8,0.5
138,0.004579327004030347,0.012977039739489556,0.0024798987177200617,0.0,38.12658391594057,0.0001,0.8,0.5
139,0.004474824410863221,0.01262798105366528,0.002436535153537989,0.0,38.11036626852325,0.0001,0.8,0.5
140,0.004685540474019945,0.013163763843476773,0.002565984516404569,0.0,38.090969143067106,0.0001,0.8,0.5
141,0.004377448838204146,0.012481159707531332,0.0023515210137702524,0.0,38.12376072635692,0.0001,0.8,0.5
142,0.004437572015449405,0.012639047903940081,0.002387202950194478,0.0,38.11877777848109,0.0001,0.8,0.5
143,0.004459111313335598,0.01277249307371676,0.0023807658161967993,0.0,38.12401734569457,0.0001,0.8,0.5
144,0.0043826003326103095,0.01247165646404028,0.002360336205456406,0.0,38.066301469615134,0.0001,0.8,0.5
145,0.004549414347857237,0.01284920216538012,0.0024744672840461136,0.0,38.13848962426232,0.0001,0.8,0.5
146,0.004680283768102526,0.013163767028599978,0.00255941289011389,0.0,38.1188632279134,0.0001,0.8,0.5
147,0.004497628472745418,0.012721342453733086,0.002441699837800115,0.0,38.12225699104596,0.0001,0.8,0.5
148,0.004459533309563994,0.012592639876529574,0.0024262565467506646,0.0,38.082877747342785,0.0001,0.8,0.5
149,0.004699185201898218,0.013156147301197052,0.0025849446142092347,0.0,38.10331591061456,0.0001,0.8,0.5
150,0.004287936510518193,0.01224789279513061,0.0022979473578743637,0.0,38.11588055626528,0.0001,0.8,0.5
151,0.0047098244866356255,0.013364683967083693,0.002546109571121633,0.0,38.09275940653906,0.0001,0.8,0.5
152,0.004558476526290179,0.013023017048835754,0.0024423412582837045,0.0,38.082435953843,0.0001,0.8,0.5
153,0.004495711321942509,0.012859784970059992,0.0024046927806921302,0.0,38.128465213007864,0.0001,0.8,0.5
154,0.004347854875959456,0.012408874891698361,0.0023325997847132383,0.0,38.12188718387686,0.0001,0.8,0.5
155,0.004510562638752162,0.01258375403471291,0.0024922647094354033,0.0,38.08594288793371,0.0001,0.8,0.5
156,0.004705117200501263,0.012955354694277048,0.0026425577304325996,0.0,38.11669682895336,0.0001,0.8,0.5
157,0.004479932342655956,0.012781105563044548,0.002404638894367963,0.0,38.093189341328504,0.0001,0.8,0.5
158,0.004648786704055965,0.0131386049836874,0.0025263320771045984,0.0,38.07783573698909,0.0001,0.8,0.5
159,0.004714753292500973,0.013302078507840633,0.0025679218675941228,0.0,38.123893025836296,0.0001,0.8,0.5
160,0.004619002272374928,0.013089222004637122,0.0025014472519978882,0.0,38.09549370643635,0.0001,0.8,0.5
161,0.00453209737315774,0.012544065872207284,0.002529105158755556,0.0,38.09898481611291,0.0001,0.8,0.5
162,0.004645010707899928,0.01314474519342184,0.002520077012013644,0.0,38.084663614412385,0.0001,0.8,0.5
163,0.004457535678520799,0.012598367435857653,0.002422327687963843,0.0,38.105396729868005,0.0001,0.8,0.5
164,0.004626597966998816,0.013248341279104353,0.0024711620504967867,0.0,38.100133110985105,0.0001,0.8,0.5
165,0.004700574362650514,0.012651228420436382,0.002712910750415176,0.0,38.018828315475034,0.0001,0.8,0.5
166,0.004845126504078507,0.013451476246118546,0.0026935389754362406,0.0,38.10738713692293,0.0001,0.8,0.5
167,0.004493192369118333,0.012519157277420163,0.0024867010186426343,0.0,38.11610374732736,0.0001,0.8,0.5
168,0.0045127718430012466,0.012916516344994307,0.002411835636012256,0.0,38.12221366630257,0.0001,0.8,0.5
169,0.004469263744540513,0.012823149841278792,0.0023807921214029195,0.0,38.08261936253065,0.0001,0.8,0.5
170,0.004469527048058808,0.012827179487794637,0.0023801138438284395,0.0,38.09023913678844,0.0001,0.8,0.5
171,0.004732271637767554,0.013061276450753213,0.0026500202785246074,0.0,38.07296223884112,0.0001,0.8,0.5
172,0.004434563061222434,0.012344923000782729,0.002456972992513329,0.0,38.10611221074497,0.0001,0.8,0.5
173,0.00456203643232584,0.012916680555790663,0.0024733753316104412,0.0,38.12121600727363,0.0001,0.8,0.5
174,0.004517183578573167,0.012944347225129604,0.0024103925307281315,0.0,38.09439468515047,0.0001,0.8,0.5
175,0.004435145137831569,0.012723005432635546,0.00236317994305864,0.0,38.12991840704275,0.0001,0.8,0.5
176,0.0045899593457579616,0.013096643425524235,0.002463288214057684,0.0,38.11112625983742,0.0001,0.8,0.5
177,0.004567344048991799,0.012877106135711074,0.0024899034714326264,0.0,38.08637180973822,0.0001,0.8,0.5
178,0.0046193951787427065,0.01286522613838315,0.002557937321253121,0.0,38.120684073959296,0.0001,0.8,0.5
179,0.004769547777250409,0.013519643545150757,0.0025820237514562906,0.0,38.09999622331164,0.0001,0.8,0.5
180,0.004585508676245809,0.013021725825965405,0.002476454266579822,0.0,38.11260373769547,0.0001,0.8,0.5
181,0.004589780145324767,0.012925997953861951,0.0025057255919091405,0.0,38.08971493647955,0.0001,0.8,0.5
182,0.004421131405979395,0.012938974192366004,0.0022916706278920175,0.0,38.11344377114461,0.0001,0.8,0.5
183,0.00474825622048229,0.013198005165904761,0.0026358189014717938,0.0,38.109907420775656,0.0001,0.8,0.5
184,0.004574800371192396,0.012877942975610495,0.0024990145908668636,0.0,38.12073256794225,0.0001,0.8,0.5
185,0.004753697994165123,0.013517965069040657,0.002562631076434627,0.0,38.1191441593959,0.0001,0.8,0.5
186,0.0047345688380301,0.013140814397484064,0.0026330073550343515,0.0,38.075246450841504,0.0001,0.8,0.5
187,0.005059743369929493,0.013523782305419445,0.002943733560387045,0.0,38.10102941800478,0.0001,0.8,0.5
188,0.004631964708678425,0.012908760644495487,0.0025627656397409736,0.0,38.09404944955859,0.0001,0.8,0.5
189,0.004451931822113692,0.012660141363739967,0.0023998793470673264,0.0,38.124624720954344,0.0001,0.8,0.5
190,0.004477388034574687,0.01278946471400559,0.002399368775077164,0.0,38.11616065091638,0.0001,0.8,0.5
191,0.004720289884135127,0.01324945941567421,0.002587997440714389,0.0,38.11801754010116,0.0001,0.8,0.5
192,0.0045447445148602125,0.012892980724573136,0.0024576853937469424,0.0,38.11153969297904,0.0001,0.8,0.5
193,0.0045485452376306055,0.013183973021805287,0.0023896881728433074,0.0,38.11759621615873,0.0001,0.8,0.5
194,0.004540358860976994,0.013031941018998622,0.00241746322135441,0.0,38.12157932017476,0.0001,0.8,0.5
195,0.004437115723267198,0.012586283246055246,0.0023998237238265574,0.0,38.11492339215853,0.0001,0.8,0.5
196,0.004488742034882307,0.012703840658068656,0.002434967295266688,0.0,38.1168044670428,0.0001,0.8,0.5
197,0.00450391870457679,0.012739261090755462,0.00244508296251297,0.0,38.07523454712567,0.0001,0.8,0.5
198,0.0044705109065398575,0.01270336538553238,0.002412297148257494,0.0,38.11643009312546,0.0001,0.8,0.5
199,0.004903886611573398,0.013303082399070264,0.0028040876029990615,0.0,38.09893112888029,0.0001,0.8,0.5
200,0.0045633579650893805,0.012779717743396759,0.002509267902933061,0.0,38.11360472284616,0.0001,0.8,0.5
201,0.0043775257701054214,0.01255763520486653,0.002332498314790428,0.0,38.098824376105526,0.0001,0.8,0.5
202,0.004605827745981514,0.013187511013820768,0.0024604068766348065,0.0,38.12528765043612,0.0001,0.8,0.5
203,0.004553087376989424,0.01310525881126523,0.0024150443985126915,0.0,38.11737373977784,0.0001,0.8,0.5
204,0.004321247078478336,0.012258378360420465,0.002336964160203934,0.0,38.12247203664541,0.0001,0.8,0.5
205,0.004603813420981168,0.01311750255525112,0.0024753909767605362,0.0,38.09840310205745,0.0001,0.8,0.5
206,0.004511023885570466,0.012837908249348402,0.00242930272128433,0.0,38.10582598196138,0.0001,0.8,0.5
207,0.004448103327304125,0.012806504257023335,0.00235850301804021,0.0,38.13678197088802,0.0001,0.8,0.5
208,0.004380024480633437,0.012426742985844612,0.002368344741407782,0.0,38.12098363501018,0.0001,0.8,0.5
209,0.004655934176407754,0.013254536213353277,0.002506283561233431,0.0,38.12534186218889,0.0001,0.8,0.5
210,0.004575228989124298,0.012982741501182317,0.00247335075866431,0.0,38.124896300344986,0.0001,0.8,0.5
211,0.004726789598353207,0.012916800128296017,0.002679286792408675,0.0,38.067026142395704,0.0001,0.8,0.5
212,0.0044962675776332615,0.01280800661072135,0.002418332769302651,0.0,38.106281123841526,0.0001,0.8,0.5
213,0.0042728932434692975,0.012377940444275736,0.0022466313547920436,0.0,38.11722730600527,0.0001,0.8,0.5
214,0.004428003798238933,0.012731695994734765,0.0023520806431770323,0.0,38.130165255408194,0.0001,0.8,0.5
215,0.004291734932921827,0.012325093997642398,0.0022833951050415637,0.0,38.10801656592256,0.0001,0.8,0.5
216,0.004682571310549975,0.013177010845392943,0.0025589613197371363,0.0,38.11196292093191,0.0001,0.8,0.5
217,0.004733319799415767,0.013397748675197363,0.0025672125117853282,0.0,38.1038538021037,0.0001,0.8,0.5
218,0.00441653564106673,0.012704997332766652,0.0023444200935773553,0.0,38.121007522125275,0.0001,0.8,0.5
219,0.004518087329342961,0.012565685603767633,0.0025061876606196163,0.0,38.040448536998895,0.0001,0.8,0.5
220,0.0045523214247077705,0.012937924973666668,0.00245592046296224,0.0,38.1107884602937,0.0001,0.8,0.5
221,0.004399397936649621,0.012594167990610004,0.002350705317221582,0.0,38.11973996220025,0.0001,0.8,0.5
222,0.004388516200706362,0.012633570628240704,0.002327252521645278,0.0,38.1215202319986,0.0001,0.8,0.5
223,0.004748396696522832,0.013398906197398901,0.0025857691979035737,0.0,38.11515332158339,0.0001,0.8,0.5
224,0.004581605279818177,0.01299559509381652,0.0024781076819635926,0.0,38.08573446065971,0.0001,0.8,0.5
225,0.004432990769855678,0.012815497843548655,0.002337363895494491,0.0,38.0998792334713,0.0001,0.8,0.5
226,0.004310049670748412,0.012610220685601234,0.002235006829723716,0.0,38.130547770195655,0.0001,0.8,0.5
227,0.004396031242795289,0.012378795454278588,0.0024003401561640205,0.0,38.119058440504574,0.0001,0.8,0.5
228,0.004354079030454159,0.012450387282297016,0.002330001867376268,0.0,38.13215322091598,0.0001,0.8,0.5
229,0.004312411942519248,0.012477486506104469,0.0022711431654170154,0.0,38.13545997989314,0.0001,0.8,0.5
230,0.00439681934658438,0.012523945849388839,0.002365037631243467,0.0,38.07563119275876,0.0001,0.8,0.5
231,0.004252982535399496,0.012156383004039525,0.0022771323635242878,0.0,38.10859830269395,0.0001,0.8,0.5
232,0.004538052733987569,0.012881618440151215,0.0024521611630916595,0.0,38.110390692432844,0.0001,0.8,0.5
233,0.004543577246367931,0.013011074271053075,0.0024267028365284205,0.0,38.117226833408054,0.0001,0.8,0.5
234,0.0043847056291997435,0.012576748970896006,0.0023366946913301943,0.0,38.08607496512722,0.0001,0.8,0.5
235,0.004525410532951355,0.012771496698260307,0.0024638889147900046,0.0,38.13859181221081,0.0001,0.8,0.5
236,0.004407788622193039,0.01249845371581614,0.002385122263804078,0.0,38.12647622360158,0.0001,0.8,0.5
237,0.004155612322501838,0.011969223273918033,0.002202209501992911,0.0,38.13096691845063,0.0001,0.8,0.5
238,0.004412948745302856,0.012736785272136331,0.002331989526282996,0.0,38.118284553088706,0.0001,0.8,0.5
239,0.004522667578421533,0.012711959183216095,0.0024753445736132563,0.0,38.10145996246906,0.0001,0.8,0.5
240,0.004481674307025969,0.013035986702889205,0.0023430961673147977,0.0,38.13424583335616,0.0001,0.8,0.5
241,0.004382194862700999,0.01267831246368587,0.0023081653960980476,0.0,38.132076364119534,0.0001,0.8,0.5
242,0.004209538577124476,0.01216619479469955,0.0022203744272701444,0.0,38.12075532603118,0.0001,0.8,0.5
243,0.004690484539605677,0.013468972891569137,0.002495862322393805,0.0,38.10769662047062,0.0001,0.8,0.5
244,0.0042557379370555285,0.01242381613701582,0.002213718304410577,0.0,38.12085153231875,0.0001,0.8,0.5
245,0.004359427923336625,0.012626237226650119,0.0022927255067043007,0.0,38.11251074194821,0.0001,0.8,0.5
246,0.004290368324145675,0.012426839992403984,0.002256250309292227,0.0,38.10478707147729,0.0001,0.8,0.5
247,0.0044597141188569365,0.012849046075716615,0.0023623810103163122,0.0,38.099243967319296,0.0001,0.8,0.5
248,0.0044581166445277634,0.012937242174521088,0.002338335202075541,0.0,38.10609018024508,0.0001,0.8,0.5
249,0.004716097190976143,0.013271625759080053,0.0025772149325348436,0.0,38.099246269014785,0.0001,0.8,0.5
250,0.00433296340983361,0.01251664463430643,0.0022870430280454456,0.0,38.111486281919,0.0001,0.8,0.5
251,0.004901735689491034,0.012954018469899893,0.0028886649291962386,0.0,38.10068612994529,0.0001,0.8,0.5
252,0.004551169266924262,0.012565773976966739,0.002547518021892756,0.0,38.09431626955951,0.0001,0.8,0.5
253,0.00454434419516474,0.012884911634027957,0.0024592022714205086,0.0,38.13202010880702,0.0001,0.8,0.5
254,0.004439018429256976,0.012520707426592708,0.0024185960972681643,0.0,38.09258201748354,0.0001,0.8,0.5
255,0.004574554325081408,0.013045488139614463,0.0024568207492120563,0.0,38.09729056897949,0.0001,0.8,0.5
256,0.004406559467315674,0.01241135949268937,0.002405359344556928,0.0,38.09228629692539,0.0001,0.8,0.5
257,0.004479654077440501,0.012812457568943501,0.00239645313937217,0.0,38.11916119794425,0.0001,0.8,0.5
258,0.0042779855150729415,0.012426606705412268,0.0022408301127143206,0.0,38.10635641087279,0.0001,0.8,0.5
259,0.004350911532528698,0.01263466216623783,0.0022799737262539565,0.0,38.10257648036166,0.0001,0.8,0.5
260,0.004268935453146696,0.01238771396689117,0.002239240782801062,0.0,38.113713860855945,0.0001,0.8,0.5
261,0.004386833035387099,0.012792246723547578,0.0022854795237071813,0.0,38.10564652642067,0.0001,0.8,0.5
262,0.0045857431320473555,0.01323344157077372,0.0024238184397108852,0.0,38.09869195785015,0.0001,0.8,0.5
263,0.004583145072683692,0.013014476299285888,0.0024753121519461275,0.0,38.114078208878325,0.0001,0.8,0.5
264,0.004366464843042195,0.012600462436676025,0.002307965373620391,0.0,38.10774268949528,0.0001,0.8,0.5
265,0.0045074526639655235,0.01273795384913683,0.002449827257078141,0.0,38.07507776618242,0.0001,0.8,0.5
266,0.004525366299785674,0.012777992337942124,0.002462209665682167,0.0,38.11027994749951,0.0001,0.8,0.5
267,0.004600811428390444,0.013007657807320357,0.0024990997603163124,0.0,38.07529808263273,0.0001,0.8,0.5
268,0.00443874950055033,0.012757826521992683,0.0023589801671914756,0.0,38.11055607006533,0.0001,0.8,0.5
269,0.004309834409505129,0.012511366605758667,0.0022594512696377934,0.0,38.09019471980311,0.0001,0.8,0.5
270,0.004520291397348046,0.01278894430026412,0.00245312808547169,0.0,38.11558426943353,0.0001,0.8,0.5
271,0.004671268654055894,0.013425831571221352,0.002482627830468118,0.0,38.112934230690065,0.0001,0.8,0.5
272,0.004447131189517677,0.012781839892268181,0.0023634539218619468,0.0,38.108887398030475,0.0001,0.8,0.5
273,0.004450938776135445,0.012751352684572339,0.0023758352012373508,0.0,38.04916058211215,0.0001,0.8,0.5
274,0.00444710242561996,0.01275113114155829,0.0023710951977409423,0.0,38.10970938491937,0.0001,0.8,0.5
275,0.004569462491199374,0.012915321085602045,0.00248299777507782,0.0,38.118936115322306,0.0001,0.8,0.5
276,0.00445188605459407,0.012953029330819845,0.002326600117376074,0.0,38.09469301816432,0.0001,0.8,0.5
277,0.004410010813735425,0.01282832675613463,0.0023054317268542943,0.0,38.11006610020537,0.0001,0.8,0.5
278,0.004527132897637784,0.013078552288934588,0.002389277934562415,0.0,38.112873372194954,0.0001,0.8,0.5
279,0.004440631093457341,0.012917054304853081,0.002321525227744132,0.0,38.11156605107639,0.0001,0.8,0.5
280,0.004374284888617694,0.012369749732315541,0.0023754186159931122,0.0,38.09432464304058,0.0001,0.8,0.5
281,0.00438082137145102,0.012785316035151482,0.002279697668273002,0.0,38.11840213519427,0.0001,0.8,0.5
282,0.004616757612675429,0.012891619857400656,0.002548041925765574,0.0,38.12277138766008,0.0001,0.8,0.5
283,0.004415241167880595,0.012734234416857362,0.0023354927776381373,0.0,38.13080039839364,0.0001,0.8,0.5
284,0.00443978276103735,0.01278079966083169,0.0023545284499414264,0.0,38.10783038487007,0.0001,0.8,0.5
285,0.004439456076361239,0.012862041667103767,0.0023338095541112127,0.0,38.12450890941903,0.0001,0.8,0.5
286,0.004340265560895205,0.012761791115626692,0.0022348840604536234,0.0,38.12169271509828,0.0001,0.8,0.5
287,0.004342253915965557,0.01240420838817954,0.0023267652071081103,0.0,38.13666173262161,0.0001,0.8,0.5
288,0.004604027587920428,0.013368229605257511,0.002412976999767125,0.0,38.11053903997017,0.0001,0.8,0.5
289,0.004499556142836809,0.013215640950948,0.002320534852333367,0.0,38.10898879256716,0.0001,0.8,0.5
290,0.004504301873967051,0.01310873712413013,0.002353192996233702,0.0,38.12237647090388,0.0001,0.8,0.5
291,0.004468927644193172,0.013017451036721467,0.0023317967262119054,0.0,38.12053412755144,0.0001,0.8,0.5
292,0.004545355881564319,0.013031161725521087,0.0024239043379202484,0.0,38.092316040681915,0.0001,0.8,0.5
293,0.004341940805315972,0.012787639629095793,0.0022305159736424685,0.0,38.1112082853662,0.0001,0.8,0.5
294,0.004369984804652631,0.012295787148177624,0.0023885341198183595,0.0,38.10113839600392,0.0001,0.8,0.5
295,0.004517058464698493,0.013034790176898242,0.0023876254400238394,0.0,38.138215099646814,0.0001,0.8,0.5
296,0.004420008328743279,0.012904204092919827,0.0022989592724479736,0.0,38.12732269271945,0.0001,0.8,0.5
297,0.004492174005135894,0.013048964953050017,0.0023529761482495816,0.0,38.12780400200115,0.0001,0.8,0.5
298,0.00456428112462163,0.013108002189546823,0.0024283507536165417,0.0,38.13071271519239,0.0001,0.8,0.5
299,0.004364443379454314,0.012631730586290359,0.002297621447360143,0.0,38.1365573606241,0.0001,0.8,0.5
300,0.004291146611794829,0.012562457080930471,0.002223318910691887,0.0,38.13210395107056,0.0001,0.8,0.5
301,0.004379063206724823,0.012578330934047699,0.0023292462271638213,0.0,38.115109984116266,0.0001,0.8,0.5
302,0.004227753197774291,0.012385097993537784,0.002188416940625757,0.0,38.118993591361644,0.0001,0.8,0.5
303,0.004425139389932156,0.01294527598656714,0.0022951051476411523,0.0,38.110088872335865,0.0001,0.8,0.5
304,0.0045484977401793,0.013096933998167515,0.0024113885499536993,0.0,38.14398783773881,0.0001,0.8,0.5
305,0.004590421095490456,0.012897974662482738,0.002513532629236579,0.0,38.12886525809,0.0001,0.8,0.5
306,0.004328381908126175,0.01265658917836845,0.0022463300079107284,0.0,38.11500017185025,0.0001,0.8,0.5
307,0.004271742957644165,0.01251939800567925,0.002209829032653943,0.0,38.12187055814731,0.0001,0.8,0.5
308,0.00457616442348808,0.013170481584966183,0.0024275849922560156,0.0,38.12404546361965,0.0001,0.8,0.5
309,0.00469190132804215,0.013373548416420817,0.0025214893743395806,0.0,38.124473599585194,0.0001,0.8,0.5
310,0.0044591325940564275,0.012877403125166893,0.0023545649042353033,0.0,38.11921302992285,0.0001,0.8,0.5
311,0.004377389973960817,0.012553561739623546,0.0023333469312638044,0.0,38.11305920971397,0.0001,0.8,0.5
312,0.0042408435558900235,0.012439547441899776,0.002191167497076094,0.0,38.12024339563227,0.0001,0.8,0.5
313,0.00427517150528729,0.012306937342509627,0.0022672299621626733,0.0,38.0057162680066,0.0001,0.8,0.5
314,0.004679271439090371,0.012972169686108828,0.0026060467585921287,0.0,38.095080402373675,0.0001,0.8,0.5
315,0.00440014994237572,0.012686737962067127,0.002328502859454602,0.0,38.13339085733656,0.0001,0.8,0.5
316,0.004615642265416681,0.013258892353624105,0.0024548296304419638,0.0,38.122936432963634,0.0001,0.8,0.5
317,0.004414570312947035,0.012810100521892308,0.0023156876442953942,0.0,38.124588672617975,0.0001,0.8,0.5
318,0.004559623766690493,0.013175202123820782,0.0024057290982455017,0.0,38.09769268917495,0.0001,0.8,0.5
319,0.0044126577815040945,0.012810734817758202,0.0023131383932195604,0.0,38.11951391748737,0.0001,0.8,0.5
320,0.00452075781300664,0.013075655614957214,0.0023820332693867386,0.0,38.12875403772081,0.0001,0.8,0.5
321,0.004335372163914144,0.01264974445104599,0.0022567789629101753,0.0,38.14029249518542,0.0001,0.8,0.5
322,0.004576791375875473,0.013159854039549827,0.002431025591213256,0.0,38.12374583427696,0.0001,0.8,0.5
323,0.004409997365437448,0.012729406785219909,0.0023301448952406643,0.0,38.13655684997392,0.0001,0.8,0.5
324,0.004435969619080425,0.012840951699763537,0.0023347239871509373,0.0,38.12441641089655,0.0001,0.8,0.5
325,0.004436709880828857,0.01291316349990666,0.0023175963596440852,0.0,38.12991907429536,0.0001,0.8,0.5
326,0.004694719389081001,0.013416663389652967,0.002514233235269785,0.0,38.12061921745309,0.0001,0.8,0.5
327,0.004496793556027115,0.013164137788116932,0.0023299574223347008,0.0,38.130314244635215,0.0001,0.8,0.5
328,0.004373387049417943,0.012715921178460122,0.0022877534362487494,0.0,38.10936949648206,0.0001,0.8,0.5
329,0.004466472347266972,0.012868636548519134,0.0023659312049858273,0.0,38.142350191359085,0.0001,0.8,0.5
330,0.004548559049144387,0.013169153816998005,0.0023934102314524352,0.0,38.07025371903851,0.0001,0.8,0.5
331,0.0044060113886371256,0.012843786310404538,0.0022965675592422487,0.0,38.085169387729,0.0001,0.8,0.5
332,0.004532382050529122,0.012834436669945716,0.0024568683304823937,0.0,38.1420078513232,0.0001,0.8,0.5
333,0.0043449551705271,0.012813811786472798,0.0022277409047819674,0.0,38.10615219431651,0.0001,0.8,0.5
334,0.004315721271559596,0.0126863949932158,0.002223052734043449,0.0,38.10563910193357,0.0001,0.8,0.5
335,0.004240310941822827,0.012471014596521855,0.0021826349978800864,0.0,38.11029069990905,0.0001,0.8,0.5
336,0.004490245999768376,0.013259422220289706,0.0022979518282227216,0.0,38.10304515220783,0.0001,0.8,0.5
337,0.004482721700333059,0.01285881906747818,0.002388697247952223,0.0,38.126500592014715,0.0001,0.8,0.5
338,0.004373803166672587,0.012585098519921303,0.0023209792585112154,0.0,38.07402148760613,0.0001,0.8,0.5
339,0.004464488457888365,0.012568913018330932,0.0024383821920491754,0.0,38.09038910018518,0.0001,0.8,0.5
340,0.004376410595141351,0.012623945893719792,0.002314526729751378,0.0,38.11016779907568,0.0001,0.8,0.5
341,0.0042913831118494275,0.012566010616719723,0.0022227261099033056,0.0,38.08132907267831,0.0001,0.8,0.5
342,0.004348516729660332,0.012726139836013317,0.002254110879730433,0.0,38.12986374076687,0.0001,0.8,0.5
343,0.004499354874715209,0.013113842010498047,0.002345732969697565,0.0,38.081808440664425,0.0001,0.8,0.5
344,0.004295035200193524,0.01246603237465024,0.00225228585768491,0.0,38.093724266227674,0.0001,0.8,0.5
345,0.00451375971082598,0.012875130474567413,0.0024234168929979207,0.0,38.07995312635686,0.0001,0.8,0.5
346,0.004209176898002625,0.01231685389764607,0.0021822575270198288,0.0,38.11879174905314,0.0001,0.8,0.5
347,0.0045137640507891775,0.01301994513720274,0.002387218668591231,0.0,38.10698774166697,0.0001,0.8,0.5
348,0.004341331915929914,0.012755644926801323,0.0022377535607665776,0.0,38.12688642495613,0.0001,0.8,0.5
349,0.004660274093039334,0.013591762371361256,0.0024274019408039747,0.0,38.11047373746877,0.0001,0.8,0.5
350,0.004440042502246797,0.01284861084073782,0.0023379003442823886,0.0,38.14293765700678,0.0001,0.8,0.5
351,0.0042317258007824425,0.012464415952563286,0.002173553160391748,0.0,38.114869784413806,0.0001,0.8,0.5
352,0.004519939110614359,0.0130938826687634,0.002376453090691939,0.0,38.13548598386719,0.0001,0.8,0.5
353,0.004545715870335698,0.013009612932801246,0.0024297414952889084,0.0,38.110064347907745,0.0001,0.8,0.5
354,0.0045519644487649205,0.013053639875724912,0.002426545519847423,0.0,38.12473401932633,0.0001,0.8,0.5
355,0.004198292922228575,0.01221317283809185,0.0021945728582795708,0.0,38.116441943858156,0.0001,0.8,0.5
356,0.004247940480709076,0.012421956714242698,0.0022044363943859936,0.0,38.09291985009415,0.0001,0.8,0.5
357,0.0044765763403847815,0.012899793293327093,0.0023707720381207762,0.0,38.088443984689924,0.0001,0.8,0.5
358,0.0043810517387464646,0.012978637684136629,0.0022316551697440447,0.0,38.1341119752139,0.0001,0.8,0.5
359,0.004519311729818582,0.013138295859098434,0.002364565576426685,0.0,38.130137836148776,0.0001,0.8,0.5
360,0.004323165416717529,0.012630952056497335,0.0022462186217308043,0.0,38.14053476402176,0.0001,0.8,0.5
361,0.004400899652391672,0.01287791614420712,0.0022816453780978917,0.0,38.12691008516385,0.0001,0.8,0.5
362,0.004673724700696766,0.013578722663223743,0.0024474751320667566,0.0,38.11388602873668,0.0001,0.8,0.5
363,0.0043822056986391545,0.012775583267211914,0.0022838611924089493,0.0,38.12266277567389,0.0001,0.8,0.5
364,0.004615635317750275,0.013362995106726885,0.0024287952249869705,0.0,38.12801286344436,0.0001,0.8,0.5
365,0.004422340132296085,0.012817499618977308,0.0023235502210445704,0.0,38.1292703695701,0.0001,0.8,0.5
366,0.004247850109823048,0.01269080930389464,0.002137110223993659,0.0,38.12208854641894,0.0001,0.8,0.5
367,0.0042954592453315855,0.012555214138701557,0.0022305204113945367,0.0,38.13846565087465,0.0001,0.8,0.5
368,0.004294264605268836,0.012791929533705115,0.0021698482939973476,0.0,38.13778124569767,0.0001,0.8,0.5
369,0.004593391572125256,0.013039291705936193,0.0024819163768552244,0.0,38.11768909346172,0.0001,0.8,0.5
370,0.004628203613683581,0.01326421631500125,0.002469200335908681,0.0,38.131747050739854,0.0001,0.8,0.5
371,0.00438648828305304,0.013049702169373631,0.0022206847462803124,0.0,38.11129894363557,0.0001,0.8,0.5
372,0.004366624504327774,0.012820742465555668,0.0022530949162319304,0.0,38.13683677912253,0.0001,0.8,0.5
373,0.004517218312248588,0.013013719562441111,0.0023930929321795704,0.0,38.099923291864386,0.0001,0.8,0.5
374,0.0044431142555549745,0.012816030140966177,0.002349885177100077,0.0,38.086867580869786,0.0001,0.8,0.5
375,0.00437883195001632,0.01253744530491531,0.0023391785798594356,0.0,38.11750615665797,0.0001,0.8,0.5
376,0.004477737997658551,0.013161519896239043,0.002306792396120727,0.0,38.128853644433676,0.0001,0.8,0.5
377,0.004273833120241761,0.012601159494370223,0.002192001426592469,0.0,38.12809668910393,0.0001,0.8,0.5
378,0.004367968873120845,0.012735036173835397,0.00227620197692886,0.0,38.11385417948806,0.0001,0.8,0.5
379,0.004254516321234405,0.012419404517859221,0.002213294170796871,0.0,38.122092429498224,0.0001,0.8,0.5
380,0.0042579662892967465,0.012735705971717835,0.002138531261589378,0.0,38.13305193642841,0.0001,0.8,0.5
381,0.004198384354822338,0.012181419283151626,0.0022026255656965076,0.0,38.12961446162184,0.0001,0.8,0.5
382,0.0044109371770173315,0.012953260270878673,0.0022753563500009476,0.0,38.12738466251112,0.0001,0.8,0.5
383,0.004337450675666332,0.012788699073716998,0.002224638445768505,0.0,38.11681326719605,0.0001,0.8,0.5
384,0.004345181691460312,0.012758636958897113,0.0022418177593499424,0.0,38.142042785830945,0.0001,0.8,0.5
385,0.0043328934768214825,0.012861575363203884,0.0022007229016162456,0.0,38.1458633528832,0.0001,0.8,0.5
386,0.004450156916864217,0.01291397364810109,0.0023342026281170545,0.0,38.12905684791285,0.0001,0.8,0.5
387,0.004461752567440271,0.012934303898364306,0.002343614601995796,0.0,38.12475676234193,0.0001,0.8,0.5
388,0.004472360629588366,0.013029295597225427,0.0023331267456524075,0.0,38.13171995724902,0.0001,0.8,0.5
389,0.004422723301686347,0.012965710088610648,0.0022869765106588603,0.0,38.12459457636427,0.0001,0.8,0.5
390,0.0044650779152289035,0.012757594790309667,0.002391948620788753,0.0,38.08325246250372,0.0001,0.8,0.5
391,0.004788737748749554,0.013806032529100776,0.0025344139337539675,0.0,38.11340236386171,0.0001,0.8,0.5
392,0.004438566025346518,0.013037901353091002,0.002288732109591365,0.0,38.11079513643959,0.0001,0.8,0.5
393,0.004469486949965358,0.012995415944606065,0.0023380045499652624,0.0,38.13728119875482,0.0001,0.8,0.5
394,0.00456261146813631,0.013215183634310962,0.0023994683218188585,0.0,38.110068845632746,0.0001,0.8,0.5
395,0.004579204740002752,0.013182521760463715,0.0024283753568306566,0.0,38.11330337137453,0.0001,0.8,0.5
396,0.004436209043487907,0.012960406057536601,0.0023051596875302495,0.0,38.123285085828414,0.0001,0.8,0.5
397,0.004588657869026065,0.013175463499501348,0.002441956326365471,0.0,38.131978186480254,0.0001,0.8,0.5
398,0.004548104712739587,0.012785110520198942,0.002488853128161281,0.0,38.10814037821326,0.0001,0.8,0.5
399,0.004514470314607024,0.01307458896189928,0.002374440561980009,0.0,38.140152553927706,0.0001,0.8,0.5
400,0.004520676655229181,0.01281850041821599,0.0024462205986492337,0.0,38.14280129417146,0.0001,0.8,0.5
401,0.0041904836986213926,0.012267608409747482,0.002171202425379306,0.0,38.09805095099676,0.0001,0.8,0.5
402,0.004574651550501585,0.013263835171237588,0.002402355563826859,0.0,38.13215902210468,0.0001,0.8,0.5
403,0.004351393445394933,0.012612499240785837,0.0022861168952658774,0.0,38.11663062663554,0.0001,0.8,0.5
404,0.004425722286105156,0.012728987652808428,0.002349905858282,0.0,38.127587783033775,0.0001,0.8,0.5
405,0.004199785250239074,0.012506247144192456,0.0021231696871109305,0.0,38.12810639871854,0.0001,0.8,0.5
406,0.004252680232748389,0.012446593008935452,0.002204201945569366,0.0,38.127700818774635,0.0001,0.8,0.5
407,0.004267638265155256,0.01265637269243598,0.0021704545675311237,0.0,38.14626735349186,0.0001,0.8,0.5
408,0.004427394238300622,0.013070246111601591,0.0022666811873205007,0.0,38.13751911651038,0.0001,0.8,0.5
409,0.004337185407057405,0.012558265961706639,0.002281915182247758,0.0,38.13269829709186,0.0001,0.8,0.5
410,0.0045325027592480185,0.01288524467498064,0.0024443172314204276,0.0,38.14115959145958,0.0001,0.8,0.5
411,0.004303085897117853,0.012674303706735373,0.0022102813445962965,0.0,38.124019698033564,0.0001,0.8,0.5
412,0.004446177831850946,0.01297711513005197,0.002313443422317505,0.0,38.1059100304615,0.0001,0.8,0.5
413,0.004446256021037698,0.012916862582787871,0.002328604273498058,0.0,38.11021613400031,0.0001,0.8,0.5
414,0.004320405838079751,0.012719774469733238,0.002220563602168113,0.0,38.139857045312965,0.0001,0.8,0.5
415,0.0043876666761934755,0.012911651050671935,0.0022566705639474093,0.0,38.13914513136429,0.0001,0.8,0.5
416,0.004399470295757055,0.012846295963972807,0.0022877638041973116,0.0,38.10382737336697,0.0001,0.8,0.5
417,0.004356237635947764,0.012894637789577246,0.00222163753118366,0.0,38.104319686570626,0.0001,0.8,0.5
418,0.004146992876194418,0.012152218706905842,0.0021456863754428924,0.0,38.09420377993068,0.0001,0.8,0.5
419,0.004519644780084491,0.013276514979079366,0.002330427160486579,0.0,38.11325074028391,0.0001,0.8,0.5
420,0.0043371178396046164,0.012749777473509312,0.002233952842652798,0.0,38.12269281379052,0.0001,0.8,0.5
421,0.004388369433581829,0.012544152475893498,0.0023494235961697995,0.0,38.09968420351019,0.0001,0.8,0.5
422,0.004589713928289711,0.01338036648929119,0.0023920506821013985,0.0,38.132651092800884,0.0001,0.8,0.5
423,0.004150362871587277,0.012269973764196038,0.0021204600064083936,0.0,38.111970155819094,0.0001,0.8,0.5
424,0.0042781183728948236,0.012431348152458667,0.0022398109082132577,0.0,38.118326461591074,0.0001,0.8,0.5
425,0.004284377102740109,0.012754587503150106,0.002166824461892247,0.0,38.13492148294709,0.0001,0.8,0.5
426,0.004166411641053855,0.012329754130914807,0.002125575963873416,0.0,38.12855063213309,0.0001,0.8,0.5
427,0.004613639081362635,0.013297190377488732,0.0024427512171678245,0.0,38.12295469081987,0.0001,0.8,0.5
428,0.004297705893404782,0.012693393770605325,0.0021987838065251706,0.0,38.12783667205186,0.0001,0.8,0.5
429,0.004541339986026287,0.01299260901287198,0.002428522628033534,0.0,38.08468149720716,0.0001,0.8,0.5
430,0.004317381829023362,0.01248508619144559,0.002275455656927079,0.0,38.11839118117332,0.0001,0.8,0.5
431,0.0043274774402379985,0.012773381043225528,0.002216001411434263,0.0,38.13235707984059,0.0001,0.8,0.5
432,0.004441455253399908,0.012972958711907267,0.002308579278178513,0.0,38.09606266328494,0.0001,0.8,0.5
433,0.004166318683419376,0.012428332976996899,0.00210081500466913,0.0,38.131279457489526,0.0001,0.8,0.5
434,0.004338768641464413,0.012874982710927725,0.0022047150088474153,0.0,38.120194092790584,0.0001,0.8,0.5
435,0.004288357379846275,0.012696428280323744,0.0021863395650871097,0.0,38.13040921876437,0.0001,0.8,0.5
436,0.004382257121615112,0.012809892613440753,0.002275348100811243,0.0,38.14485612783434,0.0001,0.8,0.5
437,0.004499862771481276,0.013084236420691014,0.002353769263718277,0.0,38.12802593028165,0.0001,0.8,0.5
438,0.004538874952122569,0.013161749523133039,0.0023831561906263233,0.0,38.11897172079246,0.0001,0.8,0.5
439,0.004282925955485553,0.012547233393415808,0.0022168490011245014,0.0,38.113149912449245,0.0001,0.8,0.5
440,0.004324440406635404,0.012634354904294013,0.0022469617007300257,0.0,38.14045149744491,0.0001,0.8,0.5
441,0.004526000558398664,0.013171616345643997,0.0023645965312607585,0.0,38.125862045910466,0.0001,0.8,0.5
442,0.004668730492703617,0.013027825560420751,0.002578956630313769,0.0,38.11452414914602,0.0001,0.8,0.5
443,0.0044561142195016145,0.012984143234789372,0.002324106881860644,0.0,38.130712553402745,0.0001,0.8,0.5
444,0.004367226390168071,0.012883430365473032,0.0022381752915680408,0.0,38.11840520250088,0.0001,0.8,0.5
445,0.004251858224160969,0.012581766936928035,0.0021693809318821876,0.0,38.11053504402312,0.0001,0.8,0.5
446,0.004289311282336712,0.012772564012557268,0.0021684980019927025,0.0,38.137154624716786,0.0001,0.8,0.5
447,0.004312763325870037,0.012730923565104604,0.0022082232031971215,0.0,38.10138932648519,0.0001,0.8,0.5
448,0.00426860898733139,0.012566828113049268,0.0021940540615469216,0.0,38.10690770674315,0.0001,0.8,0.5
449,0.004557464965619147,0.01328095437027514,0.0023765925061888992,0.0,38.11786414243635,0.0001,0.8,0.5
450,0.004454248948022723,0.012947369404137134,0.0023309687711298467,0.0,38.14746066632589,0.0001,0.8,0.5
451,0.00422223727684468,0.012318771230056882,0.0021981037105433645,0.0,38.113833877997195,0.0001,0.8,0.5
452,0.004449024372734129,0.013289605509489774,0.0022388790152035654,0.0,38.13759282158286,0.0001,0.8,0.5
453,0.004193085874430835,0.012426506411284208,0.0021347306529060006,0.0,38.125463396559404,0.0001,0.8,0.5
454,0.0043031774461269375,0.012721215765923262,0.0021986678033135833,0.0,38.09879546853004,0.0001,0.8,0.5
455,0.004256697320379317,0.012535115173086524,0.002187092793174088,0.0,38.13938857149685,0.0001,0.8,0.5
456,0.004754508160986006,0.013019768726080657,0.0026881928741931916,0.0,38.070763642089304,0.0001,0.8,0.5
457,0.0046548191970214245,0.01271961271762848,0.0026386207481846214,0.0,38.11784791386956,0.0001,0.8,0.5
458,0.004468283429741859,0.012796417605131864,0.0023862497904337944,0.0,38.13516401883256,0.0001,0.8,0.5
459,0.004609584915451706,0.013365203216671943,0.0024206802528351544,0.0,38.13090581312607,0.0001,0.8,0.5
460,0.00432144982740283,0.01261388260871172,0.002248341557569802,0.0,38.13637448338523,0.0001,0.8,0.5
461,0.004247678434476257,0.012737674489617348,0.002125179299619049,0.0,38.14450890686301,0.0001,0.8,0.5
462,0.004364805994555354,0.012854350320994854,0.002242419759277254,0.0,38.12896265663509,0.0001,0.8,0.5
463,0.004575899122282862,0.01347889071330428,0.0023501511150971054,0.0,38.11659072261058,0.0001,0.8,0.5
464,0.004263637745752931,0.012599424626678228,0.002179690940538421,0.0,38.1156029406165,0.0001,0.8,0.5
465,0.004410254717804492,0.013043351331725716,0.0022519804374314845,0.0,38.13291575343385,0.0001,0.8,0.5
466,0.004387292759492994,0.012622514814138413,0.0023284871433861556,0.0,38.14431692798575,0.0001,0.8,0.5
467,0.004297396126203239,0.012657329943031072,0.0022074125718791037,0.0,38.15399938637445,0.0001,0.8,0.5
468,0.004197853719815612,0.012490261178463698,0.0021247517666779458,0.0,38.123159559899975,0.0001,0.8,0.5
469,0.004192297160625458,0.01236676199361682,0.002148680898826569,0.0,38.149589145733266,0.0001,0.8,0.5
470,0.004194166925735772,0.012403504643589258,0.0021418324508704245,0.0,38.12706245758601,0.0001,0.8,0.5
471,0.004220052999444306,0.012598379347473383,0.0021254713530652223,0.0,38.12458803380447,0.0001,0.8,0.5
472,0.004264066801406443,0.012784544043242932,0.00213394740363583,0.0,38.13664108315144,0.0001,0.8,0.5
473,0.0046783319395035505,0.013454083865508438,0.0024843938322737812,0.0,38.11571198765985,0.0001,0.8,0.5
474,0.004207798852585256,0.01225778853520751,0.0021953013399615886,0.0,38.09950965229337,0.0001,0.8,0.5
475,0.004278614190407097,0.01255822580307722,0.0022087112010922283,0.0,38.11820352725943,0.0001,0.8,0.5
476,0.004463961785659194,0.013225929960608482,0.0022734696324914695,0.0,38.128051089333816,0.0001,0.8,0.5
477,0.0043855892680585385,0.012684641983360051,0.0023108259635046123,0.0,38.08121853651336,0.0001,0.8,0.5
478,0.00444379463326186,0.012677153572440147,0.0023854547832161187,0.0,38.10272915604603,0.0001,0.8,0.5
479,0.004213999742642045,0.012518434133380652,0.0021378910657949748,0.0,38.13117899604027,0.0001,0.8,0.5
480,0.00456370145548135,0.013353827912360429,0.002366169735323638,0.0,38.100861042499126,0.0001,0.8,0.5
481,0.0043721178779378535,0.012747138729318977,0.002278362561482936,0.0,38.11317097449241,0.0001,0.8,0.5
482,0.004497572858817875,0.01316893171519041,0.002329733049264178,0.0,38.1140308056582,0.0001,0.8,0.5
483,0.004462605454027653,0.01297555236145854,0.002334368627052754,0.0,38.13163820153511,0.0001,0.8,0.5
484,0.004459119909442961,0.013063473850488663,0.0023080313112586737,0.0,38.08280176030402,0.0001,0.8,0.5
485,0.0047411338426172735,0.013384920423850416,0.0025801870762370525,0.0,38.12072649474146,0.0001,0.8,0.5
486,0.004613816570490599,0.012612024080008269,0.0026142646255902947,0.0,38.09742161281889,0.0001,0.8,0.5
487,0.004419462862424553,0.01262410068884492,0.0023683033627457917,0.0,38.106351624389845,0.0001,0.8,0.5
488,0.004274974064901471,0.012431742986664177,0.0022357817576266824,0.0,38.10958639563064,0.0001,0.8,0.5
489,0.004427473838441074,0.01304860989563167,0.002272189740324393,0.0,38.12878438544022,0.0001,0.8,0.5
490,0.004398345779627562,0.013036324698477984,0.002238850949797779,0.0,38.1305657995646,0.0001,0.8,0.5
491,0.004167628232389689,0.012284438693895935,0.0021384255564771593,0.0,38.12712294494401,0.0001,0.8,0.5
492,0.004155806289054454,0.012175495447590947,0.0021508839074522255,0.0,38.13923321217452,0.0001,0.8,0.5
493,0.004313895986415446,0.012660954836755991,0.0022271311818622052,0.0,38.12901351112969,0.0001,0.8,0.5
494,0.00436215060763061,0.01265410616993904,0.0022891616146080195,0.0,38.06356028891259,0.0001,0.8,0.5
495,0.004589847903698683,0.013211651816964149,0.0024343968380708247,0.0,38.1430922873147,0.0001,0.8,0.5
496,0.004221261986531317,0.012706720512360334,0.002099897253792733,0.0,38.11658023465496,0.0001,0.8,0.5
497,0.004269628804177045,0.012504317332059145,0.002210956597700715,0.0,38.13967704930185,0.0001,0.8,0.5
498,0.004311062009073794,0.012603952810168266,0.002237839205190539,0.0,38.14068106487805,0.0001,0.8,0.5
499,0.004245907575823367,0.012791615780442953,0.002109480416402221,0.0,38.121239009889074,0.0001,0.8,0.5
500,0.004151714984327554,0.012339789466932417,0.0021046962426044045,0.0,38.15116852126382,0.0001,0.8,0.5
